date,resting_bpm,weight,bmi,calories_total,overall_score,deep_sleep_in_minutes,restlessness,spo2_avg,spo2_min,spo2_max,very_active_minutes,sedentary_minutes,readiness_raw
2024-04-04,,182.5,25.56,1785.6,,,,,,,0,1440,
2024-04-05,71.39999961853027,182.5,25.56,2482.87,,,,,,,39,1296,
2024-04-06,69.92746925354004,,,3309.5,90.0,116.0,0.0851063829787234,97.4,95.6,99.9,55,543,0.715446478569047
2024-04-07,68.77206039428711,,,4535.12,,,,96.6,94.8,99.1,239,411,
2024-04-08,69.1008996963501,,,2780.08,,,,97.0,94.6,100.0,7,665,
2024-04-09,68.39284420013428,184.0,25.77,2782.26,,,,97.8,96.2,98.8,24,830,
2024-04-10,68.58913135528564,184.0,25.77,3380.92,79.0,57.0,0.0615183246073298,97.6,95.6,100.0,61,678,-0.7118332204287414
2024-04-11,69.58333015441895,185.6,25.99,3087.9100000000003,,,,96.6,94.5,98.9,9,720,
2024-04-12,68.06134796142578,183.2,25.65,4701.95,,,,97.0,92.6,100.0,232,411,
2024-04-13,69.95425796508789,184.7,25.86,4489.57,,,,97.3,95.3,99.7,132,499,
2024-04-14,68.84583854675293,185.1,25.93,3151.11,,,,95.7,90.4,100.0,31,664,
2024-04-15,68.75844383239746,185.1,25.93,2983.26,,,,96.6,95.8,97.5,21,846,
2024-04-16,69.12331771850586,186.0,26.05,4047.9500000000003,,,,96.8,94.7,99.1,169,687,
2024-04-17,70.62685966491699,186.0,26.05,3222.81,,,,95.6,90.9,98.8,52,709,
2024-04-18,69.53740119934082,183.8,25.74,3265.6,,,,95.7,92.1,97.9,30,478,
2024-04-19,68.17561531066895,184.7,25.86,4215.28,,,,,,,79,816,
2024-04-20,70.7103042602539,,,6605.49,84.0,74.0,0.0640883977900552,96.0,94.7,97.0,396,177,-0.4450120264752312
2024-04-21,72.01624393463135,,,5457.88,76.0,75.0,0.0756880733944954,95.6,93.7,98.9,331,365,-2.0584768293809335
2024-04-22,74.42063999176025,,,6388.34,81.0,56.0,0.0665742024965325,96.8,94.2,99.3,380,228,-1.8631602775129232
2024-04-23,76.18574047088623,,,6323.84,74.0,77.0,0.1125541125541125,95.4,94.1,96.7,359,291,-3.4320785781368883
2024-04-24,76.66140365600586,,,5562.13,72.0,70.0,0.1697127937336814,96.6,95.9,97.5,299,327,-3.8731074433504826
2024-04-25,75.40945148468018,,,4317.83,72.0,73.0,0.1299638989169675,94.7,92.7,96.6,173,485,-3.5570302044811424
2024-04-26,74.12602233886719,,,5789.63,90.0,75.0,0.0669693530079455,96.7,95.3,98.4,381,290,-0.34455173610023326
2024-04-27,73.06734466552734,,,4106.75,85.0,69.0,0.0920770877944325,96.4,95.2,97.4,141,447,-0.8796184483863981
2024-04-28,71.71288204193115,,,5662.25,82.0,61.0,0.1153402537485582,97.0,95.1,98.9,370,316,-1.0190697043019539
2024-04-29,73.0257215499878,,,5265.75,80.0,75.0,0.0926935659760087,95.1,91.4,97.6,266,336,-1.671458385538329
2024-04-30,74.43163204193115,,,5053.92,84.0,70.0,0.0813287514318442,94.5,90.9,97.3,266,352,-1.3845263602495088
2024-05-01,73.47874546051025,,,5038.65,86.0,79.0,0.0798722044728434,97.3,95.1,100.0,309,376,-0.8230140956844594
2024-05-02,75.44698143005371,,,5187.42,79.0,72.0,0.1376651982378854,96.5,93.6,100.0,324,302,-2.443217506393372
2024-05-03,76.77556324005127,,,3943.93,81.0,98.0,0.1359605911330049,96.6,94.9,99.0,86,443,-2.4577018703286195
2024-05-04,74.28881549835205,,,3991.33,86.0,52.0,0.12403951701427,95.9,93.7,99.1,155,486,-1.0275304555871647
2024-05-05,72.91604900360107,,,5307.88,86.0,71.0,0.1115577889447236,97.0,95.7,100.0,287,292,-0.6809515261271222
2024-05-06,74.1875,,,5834.17,82.0,57.0,0.1068783068783068,96.3,94.1,99.6,408,231,-1.6438303216461856
2024-05-07,76.45114231109619,,,5041.63,77.0,64.0,0.1411879259980525,96.4,94.7,97.7,247,261,-3.0176748653642145
2024-05-08,75.19628143310547,,,5368.3099999999995,78.0,51.0,0.1099873577749683,96.1,94.2,98.5,299,378,-2.5403935883436506
2024-05-09,73.96295166015625,,,5332.76,85.0,65.0,0.111864406779661,95.9,93.9,97.3,328,356,-1.105730110203814
2024-05-10,73.76400756835938,,,5107.76,80.0,51.0,0.1085080147965474,95.9,92.9,97.3,257,382,-1.8578516132729237
2024-05-11,75.27656173706055,,,6020.13,70.0,60.0,0.0998307952622673,97.3,95.6,100.0,364,364,-3.8444192301772366
2024-05-12,77.11542224884033,,,4239.67,65.0,49.0,0.1252173913043478,,,,119,607,-5.111020173600449
2024-05-13,74.38161277770996,,,5117.92,75.0,49.0,0.0852359208523592,95.6,93.6,97.0,329,492,-2.816125279674348
2024-05-14,73.42668342590332,,,5273.24,79.0,59.0,0.1019354838709677,97.3,95.6,99.5,299,323,-1.9331579134866266
2024-05-15,74.50332164764404,,,4367.14,84.0,102.0,0.1116951379763469,97.1,96.0,99.5,236,421,-1.4026256560120365
2024-05-16,73.65949249267578,,,5667.47,86.0,76.0,0.0933940774487471,95.6,94.3,97.0,365,261,-0.8686468476131637
2024-05-17,75.1264476776123,,,4888.34,83.0,87.0,0.1125683060109289,97.5,94.5,99.9,278,305,-1.7204144132432502
2024-05-18,77.08553409576416,,,4779.93,80.0,94.0,0.1059225512528473,97.0,92.6,100.0,306,392,-2.6964291225891808
2024-05-19,75.91934871673584,,,3133.87,83.0,97.0,0.1064483111566018,96.5,93.7,99.3,5,548,-1.920596158906441
2024-05-20,75.91234970092773,,,3568.69,82.0,76.0,0.0887337986041874,96.0,93.8,99.0,37,461,-2.0792988191020845
2024-05-21,74.87017250061035,,,3308.14,87.0,136.0,0.1253854059609455,97.0,93.1,100.0,58,556,-1.0138345221960272
2024-05-22,75.31085395812988,,,2542.64,87.0,82.0,0.0545876887340302,96.2,94.1,100.0,18,660,-1.1250922694997418
2024-05-23,76.58666610717773,,,3345.57,83.0,43.0,0.1223684210526315,97.6,96.6,98.7,71,659,-2.089072114339324
2024-05-24,79.05591583251953,,,4605.16,63.0,49.0,0.1,97.6,96.2,99.0,165,548,-5.921871112207084
2024-05-25,76.52122592926025,,,3874.49,91.0,96.0,0.074251497005988,97.4,96.2,98.5,104,501,-0.7887931220742039
2024-05-26,76.17490577697754,,,4108.07,86.0,88.0,0.076595744680851,97.4,96.2,99.0,123,497,-1.5037069591152419
2024-05-27,78.07148838043213,,,4039.46,69.0,67.0,0.1232796567671477,97.7,96.1,99.4,139,421,-4.710517065807489
2024-05-28,78.44960689544678,,,3420.6,81.0,55.0,0.0972447325769854,96.9,92.9,100.0,41,703,-2.8803434923195455
2024-05-29,76.90101432800293,,,5367.12,81.0,56.0,0.0986093552465234,97.6,95.7,100.0,388,431,-2.4893741932824014
2024-05-30,76.32766342163086,,,5514.48,86.0,56.0,0.0510067114093959,98.7,96.5,100.0,404,369,-1.5422733002615485
2024-05-31,77.4172830581665,,,6389.06,82.0,67.0,0.0828571428571428,97.0,93.5,100.0,449,259,-2.4592455863453626
2024-06-01,77.1724271774292,,,4345.34,76.0,52.0,0.1108647450110864,97.3,95.7,99.0,108,596,-3.360245538933289
2024-06-02,76.62148475646973,,,3636.89,,,,,,,71,885,
2024-06-03,74.44606399536133,,,3222.96,,,,,,,26,965,
2024-06-04,76.34140491485596,,,2725.68,78.0,56.0,0.0653846153846153,96.6,95.6,98.0,21,846,-2.8295000546816387
2024-06-05,74.84080123901367,,,3334.2,86.0,45.0,0.0551415797317436,97.3,95.9,99.3,64,690,-1.1668889173555783
2024-06-06,73.10441303253174,,,3121.44,86.0,84.0,0.0683111954459203,97.4,93.3,100.0,80,587,-0.7285073222113008
2024-06-07,71.27497291564941,,,4092.12,84.0,82.0,0.0972677595628415,96.6,93.9,98.3,140,462,-0.5875725120603034
2024-06-08,72.27641105651855,,,3141.0,78.0,86.0,0.119205298013245,97.9,97.1,98.6,72,542,-1.8032212045850007
2024-06-09,69.89804458618164,,,5449.68,75.0,44.0,0.0851788756388415,97.8,96.6,99.5,370,468,-1.6841700127570371
2024-06-10,69.66021823883057,,,4554.0,88.0,92.0,0.0862944162436548,96.5,95.0,98.2,143,341,0.4619793065071647
2024-06-11,72.66150569915771,,,4304.76,,,,,,,146,657,
2024-06-12,69.81376266479492,,,3771.72,81.0,43.0,0.1461139896373057,98.5,97.7,99.9,79,530,-0.7000734610452601
2024-06-13,70.50234031677246,,,3092.16,80.0,61.0,0.1245714285714285,97.7,94.1,100.0,28,668,-1.034386625868104
2024-06-14,70.14712524414062,171.9,24.07,3381.71,79.0,61.0,0.0704573547589616,97.6,94.4,100.0,39,579,-1.1051760476097026
2024-06-15,71.75504684448242,171.9,24.07,2385.11,79.0,61.0,0.0483558994197292,96.8,96.2,97.1,1,990,-1.5111239994521817
2024-06-16,69.4482650756836,,,2726.34,87.0,54.0,0.0904347826086956,97.5,95.1,99.6,3,543,0.3550209081686597
2024-06-17,66.80679512023926,173.7,24.32,2538.16,91.0,81.0,0.0748603351955307,97.9,95.3,100.0,3,703,1.6637849696681208
2024-06-18,65.80337429046631,174.8,24.48,3469.35,87.0,107.0,0.1037974683544303,96.9,93.0,99.0,56,473,1.2752373842915967
2024-06-19,67.35078811645508,,,2665.24,86.0,92.0,0.0952380952380952,97.0,94.9,98.3,8,726,0.7240959949247334
2024-06-20,69.20233058929443,174.8,24.48,2389.1,75.0,81.0,0.1407648494711147,97.5,95.5,100.0,9,635,-1.508524836994443
2024-06-21,68.99883270263672,,,3341.23,81.0,66.0,0.0569948186528497,96.4,91.3,99.1,53,699,-0.49433012818446087
2024-06-22,71.42689514160156,,,3680.41,78.0,63.0,0.0672478206724782,97.1,94.8,99.0,86,475,-1.5887460425840452
2024-06-23,69.62379360198975,,,3491.72,75.0,39.0,0.0710382513661202,97.4,96.1,98.8,87,765,-1.6149305515172492
2024-06-24,69.00775623321533,178.5,25.0,2834.7,86.0,114.0,0.1183520599250936,97.1,95.1,100.0,40,493,0.30576539153951215
2024-06-25,69.26427936553955,,,2816.34,83.0,80.0,0.0898760330578512,96.9,92.6,100.0,25,677,-0.24040741592699127
2024-06-26,66.94474601745605,177.6,24.88,2731.77,79.0,53.0,0.1078838174273859,96.9,95.4,98.7,34,845,-0.29667935982395416
2024-06-27,66.3617525100708,177.6,24.88,3264.55,85.0,68.0,0.0946291560102301,96.3,89.6,100.0,65,552,0.8133256608412747
2024-06-28,68.20198917388916,177.9,24.91,2307.82,88.0,127.0,0.0872617853560682,97.0,93.6,99.2,3,745,0.8301347576835794
2024-06-29,67.38489627838135,176.5,24.72,2659.32,84.0,71.0,0.076741440377804,96.4,91.2,100.0,0,722,0.39454542395944076
2024-06-30,66.08743286132812,,,2473.18,86.0,79.0,0.0648508430609598,96.9,95.6,98.8,0,868,1.0430521418906058
2024-07-01,67.08357524871826,,,2097.57,85.0,85.0,0.1043663471778487,96.8,91.4,99.9,0,849,0.6310888762337553
2024-07-02,65.12895965576172,179.2,25.09,3070.4,80.0,101.0,0.1389904901243599,97.1,92.8,100.0,80,484,0.32221737357043406
2024-07-03,63.69006061553955,,,2186.9,83.0,84.0,0.0965861781848459,96.4,91.9,100.0,0,713,1.1669016743939729
2024-07-04,62.00052833557129,178.3,24.97,2461.2,87.0,85.0,0.0987084870848708,96.0,92.5,98.7,25,701,2.2353324077267764
2024-07-05,61.90330505371094,,,3455.12,77.0,38.0,0.065252854812398,95.7,94.8,96.9,93,706,0.6551812845363025
2024-07-06,64.10468769073486,,,2925.34,76.0,72.0,0.1156773211567732,97.1,95.5,99.9,31,795,-0.06106597774883615
2024-07-07,63.31511211395264,,,2370.41,73.0,64.0,0.1362048894062864,95.7,93.9,97.5,19,724,-0.34313285598561083
2024-07-08,63.42428684234619,178.7,25.03,2179.0,88.0,67.0,0.0805134189031505,97.5,95.0,100.0,0,866,2.0363493365477625
2024-07-09,63.13694381713867,177.4,24.85,2669.0099999999998,85.0,93.0,0.0958795562599049,97.1,95.1,99.5,9,566,1.6274850599695294
2024-07-10,65.31475162506104,,,2368.66,78.0,77.0,0.1108343711083437,97.9,96.0,100.0,0,865,-0.045628429524129266
2024-07-11,64.04883861541748,,,3555.87,69.0,26.0,0.0766355140186915,96.0,93.9,98.2,47,765,-1.1702536908381715
2024-07-12,65.4889326095581,180.1,25.22,3127.38,79.0,134.0,0.1201513718070009,95.6,90.8,99.2,87,640,0.07086621645001706
2024-07-13,64.02876853942871,177.4,24.85,2274.74,86.0,132.0,0.1018033740546829,96.7,91.7,100.0,7,452,1.5627979832479242
2024-07-14,65.63465595245361,,,2733.14,65.0,31.0,0.0677618069815195,98.3,98.0,99.9,9,957,-2.2124997714803167
2024-07-15,63.71205425262451,177.4,24.85,2569.75,83.0,96.0,0.1129156999226604,96.9,90.9,100.0,21,593,1.1613489957519865
2024-07-16,65.38825416564941,,,3415.62,79.0,40.0,0.0418943533697632,97.9,96.3,100.0,80,834,0.0962842518136402
2024-07-17,65.52487850189209,,,3447.77,84.0,64.0,0.0830013390436351,95.8,95.4,96.1,134,445,0.8641394679699883
2024-07-18,66.8650770187378,176.1,24.66,2937.57,69.0,36.0,0.1125954198473282,96.4,94.5,98.3,36,886,-1.8812623690504635
2024-07-19,66.34730529785156,177.6,24.88,2921.15,85.0,51.0,0.0608365019011406,97.2,95.0,98.6,67,761,0.8169731124390308
2024-07-20,68.30718421936035,178.5,25.0,4446.38,70.0,48.0,0.108267716535433,97.9,96.8,99.0,138,633,-2.0848778891528927
2024-07-21,66.86734867095947,178.1,24.94,2328.22,82.0,116.0,0.045780985319028744,96.0,95.0,96.7,0,633,0.20427000772890772
2024-07-22,65.68429374694824,178.1,24.94,2532.07,84.0,81.0,0.0750893921334922,96.0,93.6,99.1,2,772,0.8238922990724156
2024-07-23,67.73776721954346,,,3352.74,65.0,74.0,0.1744340878828229,,,,77,732,-2.7434670221164668
2024-07-24,65.71098518371582,177.2,24.81,2530.91,70.0,56.0,0.0529100529100529,96.8,94.7,97.7,16,884,-1.4294220007120113
2024-07-25,63.87626647949219,180.5,25.28,4609.7300000000005,70.0,41.0,0.0993657505285412,96.3,95.5,97.2,92,577,-0.966215150310631
2024-07-26,65.26778888702393,,,2795.19,72.0,98.0,0.143658810325477,95.3,94.7,95.7,32,653,-0.9965899697577091
2024-07-27,66.04859352111816,,,4330.67,74.0,52.0,0.0818452380952381,98.3,96.3,100.0,163,639,-0.8727783977612915
2024-07-28,67.67365550994873,,,2318.44,84.0,87.0,0.05888228308359965,95.1,93.1,97.7,3,611,0.32164310172838834
2024-07-29,66.05398368835449,,,5342.06,79.0,52.0,0.0686070686070686,97.0,95.2,98.8,261,540,-0.07179081861625519
2024-07-30,68.45071792602539,,,2802.89,74.0,61.0,0.0336448598130841,,,,24,898,-1.4792367487378792
2024-07-31,69.59306049346924,175.2,24.54,2637.75,77.0,66.0,0.122552574329224,96.9,91.2,100.0,27,515,-1.2862320718586076
2024-08-01,67.45003032684326,,,2356.75,91.0,88.0,0.03671970624235,97.8,96.4,100.0,5,840,1.5013889830613343
2024-08-02,65.50204753875732,173.5,24.29,3769.98,91.0,82.0,0.0471806674338319,96.7,95.3,98.1,36,530,1.9931913339220926
2024-08-03,64.74432182312012,174.3,24.41,2106.64,75.0,51.0,0.0651828298887122,96.4,93.2,99.4,0,986,-0.38302249438048275
2024-08-04,63.30655860900879,175.9,24.63,2549.75,83.0,73.0,0.0435483870967741,96.0,94.0,97.3,9,888,1.2637234684699714
2024-08-05,61.562843322753906,178.1,24.94,2220.23,81.0,61.0,0.0823211875843454,94.2,92.8,96.7,0,928,1.383015544666866
2024-08-06,59.23091506958008,178.1,24.94,4421.44,87.0,75.0,0.0439306358381502,96.4,93.5,98.4,133,529,2.934569753929411
2024-08-07,59.67507839202881,177.2,24.81,3188.17,86.0,77.0,0.0562814070351758,95.7,92.8,98.3,58,642,2.6619632646385587
2024-08-08,59.91801452636719,177.2,24.81,3586.22,89.0,65.0,0.0460048426150121,97.1,94.2,100.0,29,613,3.0820388380811345
2024-08-09,61.82759380340576,,,2582.56,69.0,63.0,0.0551301684532924,95.9,93.8,98.7,9,954,-0.6094615590668138
2024-08-10,61.64073657989502,176.5,24.72,3089.3,87.0,84.0,0.0685820203892493,97.2,95.3,99.0,28,609,2.326168133968369
2024-08-11,64.2348747253418,176.5,24.72,2535.46,85.0,87.0,0.0707070707070707,96.5,94.0,99.9,1,846,1.3502931848464712
2024-08-12,64.5906229019165,174.1,24.38,2498.14,89.0,66.0,0.0855491329479768,96.6,91.0,100.0,1,821,1.9023570678921862
2024-08-13,62.735721588134766,,,2668.63,91.0,47.0,0.0326197757390418,95.5,89.9,98.6,27,742,2.6915987398212438
2024-08-14,61.67560005187988,175.9,24.63,4162.93,84.0,38.0,0.0512295081967213,96.2,95.3,97.8,101,692,1.8359571875165652
2024-08-15,63.62355136871338,,,3977.0,84.0,36.0,0.041388518024032,97.4,95.7,99.2,138,611,1.344162782124335
2024-08-16,64.23310279846191,177.2,24.81,2452.02,88.0,115.0,0.080754716981132,96.7,88.2,100.0,0,604,1.8321495915272972
2024-08-17,63.0506649017334,,,3542.28,86.0,112.0,0.0797342192691029,96.7,90.9,99.3,72,294,1.8097373665659213
2024-08-18,62.88095664978027,175.0,24.51,2597.14,77.0,50.0,0.0680786686838124,97.1,95.5,98.8,0,894,0.4083560270389759
2024-08-19,63.805399894714355,175.0,24.51,4142.32,83.0,73.0,0.0429752066115702,95.6,93.4,99.4,70,625,1.1377822545553147
2024-08-20,65.37373733520508,,,3627.08,86.0,89.0,0.0602957906712172,95.2,93.3,97.1,113,610,1.223237069443793
2024-08-21,69.23200511932373,,,3810.05,77.0,81.0,0.0548340548340548,95.6,93.7,98.7,85,663,-1.1950773230170395
2024-08-22,67.2366771697998,175.0,24.51,3308.16,90.0,129.0,0.0752405949256343,95.8,91.7,98.2,30,517,1.3947840376864247
2024-08-23,66.71564388275146,,,5597.03,84.0,58.0,0.0870466321243523,95.3,92.4,97.0,356,285,0.5635099053208901
2024-08-24,69.62253093719482,,,4708.38,65.0,58.0,0.1368547418967587,95.3,92.8,97.7,220,464,-3.2193086121075134
2024-08-25,72.5155086517334,,,4656.12,81.0,130.0,0.0988735919899874,96.4,91.6,98.2,183,432,-1.382176524753821
2024-08-26,75.5248327255249,,,4794.94,60.0,34.0,0.1183144246353322,96.7,94.5,98.5,154,480,-5.511796429179997
2024-08-27,74.48206424713135,,,3788.75,75.0,19.0,0.0628930817610062,95.4,93.5,97.6,85,713,-2.8414860113558627
2024-08-28,76.16209506988525,172.6,24.17,2691.75,,,,97.2,95.3,99.8,48,827,
2024-08-29,73.6513900756836,172.6,24.17,2450.39,79.0,72.0,0.1265004616805171,93.1,83.1,97.3,11,708,-1.9898890403178704
2024-08-30,73.04304122924805,,,2439.41,91.0,98.0,0.0587695133149678,96.2,93.5,98.4,16,736,0.08933548494224586
2024-08-31,71.15800666809082,169.0,23.67,2531.24,91.0,85.0,0.0662790697674418,97.7,94.6,100.0,3,782,0.5652454541169852
2024-09-01,69.58248233795166,171.0,23.95,2853.06,92.0,99.0,0.0654307524536532,97.0,95.7,98.7,23,721,1.1234838322814893
2024-09-02,66.84023475646973,169.7,23.77,2705.79,89.0,60.0,0.064299424184261,96.7,92.8,99.4,9,656,1.3344031797160982
2024-09-03,66.05391597747803,169.7,23.77,2526.83,82.0,85.0,0.1066545123062898,97.2,94.9,99.6,3,683,0.40963532890520793
2024-09-04,64.07261753082275,171.9,24.07,3051.32,78.0,46.0,0.0839694656488549,96.6,94.5,98.3,37,805,0.26797006393634537
2024-09-05,63.46669960021973,,,2333.7599999999998,90.0,71.0,0.0656136087484811,95.3,92.3,98.3,0,878,2.3465808619456414
2024-09-06,62.09632968902588,172.8,24.2,2427.5299999999997,87.0,86.0,0.0851305334846765,95.9,93.9,97.7,2,798,2.211145679213171
2024-09-07,62.33156394958496,170.1,23.83,3343.09,86.0,88.0,0.0534351145038167,96.8,94.9,98.5,36,475,1.9912869885316822
2024-09-08,64.00039768218994,169.3,23.7,2365.17,84.0,99.0,0.0689655172413793,96.5,93.4,99.5,0,815,1.2490213342560557
2024-09-09,63.4277925491333,169.3,23.7,3236.49,89.0,71.0,0.0674556213017751,95.9,94.1,97.7,75,750,2.1959339437499796
2024-09-10,65.02995204925537,,,3116.79,65.0,50.0,0.1113043478260869,96.4,94.2,99.5,92,878,-2.0598316868409303
2024-09-11,63.867905616760254,170.8,23.92,2333.2599999999998,81.0,114.0,0.0961952620244077,96.4,92.9,100.0,18,614,0.8010622224885378
2024-09-12,64.47041893005371,171.9,24.07,3243.36,,,,,,,58,1101,
2024-09-13,66.38612461090088,170.8,23.92,3679.83,83.0,106.0,0.0520741394527802,95.7,91.1,97.9,94,467,0.48623312891232046
2024-09-14,67.22766876220703,,,4551.33,,,,,,,153,890,
2024-09-15,70.0852165222168,170.8,23.92,2766.47,78.0,106.0,0.0913633119200571,96.8,87.0,100.0,25,462,-1.250015791398718
2024-09-16,70.55205917358398,,,5159.12,71.0,27.0,0.1413043478260869,96.2,94.7,97.8,282,387,-2.4911661796878306
2024-09-17,70.78526306152344,,,2965.02,76.0,74.0,0.2323869610935857,95.2,94.4,96.3,36,547,-1.747694161812317
2024-09-18,70.91349792480469,,,2591.5299999999997,73.0,66.0,0.0980263309584745,95.9,95.1,97.5,10,645,-2.261478350298679
2024-09-19,69.28383255004883,,,3577.83,87.0,92.0,0.0852359208523592,96.3,93.3,100.0,175,413,0.39653477736696496
2024-09-20,67.70948886871338,,,2370.77,81.0,107.0,0.168467895740623,96.2,93.1,99.2,20,452,-0.16881270961713252
2024-09-21,64.74429988861084,,,2594.43,83.0,55.0,0.1221221221221221,96.0,94.5,98.0,42,716,0.9007405173050822
2024-09-22,63.12120056152344,,,2891.02,82.0,54.0,0.129883843717001,96.3,94.0,98.8,27,622,1.1500506676820226
2024-09-23,61.652435302734375,,,2606.77,83.0,72.0,0.0841467923320568,92.0,86.8,95.9,45,541,1.6813358496546447
2024-09-24,61.015456199645996,170.4,23.86,2770.33,87.0,80.0,0.0729166666666666,94.9,84.4,97.9,19,651,2.4840311103942225
2024-09-25,62.24526882171631,170.4,23.86,3601.98,74.0,31.0,0.0762250453720508,96.9,94.5,98.6,97,779,0.08743749310421856
2024-09-26,64.47675609588623,,,3318.1,87.0,56.0,0.0827586206896551,96.2,93.8,100.0,39,559,1.6101653676287646
2024-09-27,66.67974281311035,170.1,23.83,3257.74,77.0,94.0,0.1210240496508921,96.1,94.0,98.5,87,486,-0.550714030956132
2024-09-28,65.9572114944458,,,2507.35,81.0,52.0,0.1402489626556016,96.5,94.0,98.8,14,656,0.27358038404653345
2024-09-29,65.05054092407227,171.2,23.98,2341.63,85.0,70.0,0.0758988015978695,97.1,94.9,100.0,0,880,1.1443639761764786
2024-09-30,67.11041831970215,,,2880.0,85.0,81.0,0.116156282998944,95.8,92.0,97.5,33,688,0.624311873123184
2024-10-01,67.26318073272705,,,2179.92,79.0,70.0,0.1429521276595744,96.5,93.4,99.2,9,575,-0.3770737773330698
2024-10-02,67.35091400146484,172.6,24.17,3657.66,80.0,34.0,0.0972037283621837,96.3,93.4,98.2,106,673,-0.23875389240045697
2024-10-03,67.40138816833496,,,5249.15,92.0,101.0,0.0607434270172257,95.0,91.5,97.3,325,224,1.6741392316139314
2024-10-04,67.94155311584473,,,4134.13,87.0,99.0,0.0628140703517587,95.5,86.0,99.4,155,340,0.7354167147696391
2024-10-05,69.27472972869873,,,4138.99,89.0,75.0,0.0636871508379888,96.4,94.4,98.4,145,374,0.7197723124293487
2024-10-06,67.08554267883301,,,4074.25,81.0,73.0,0.1415332771693344,96.1,94.0,98.1,166,357,-0.011286572902498432
2024-10-07,67.25703620910645,,,3920.85,85.0,77.0,0.082680591818973,95.7,92.2,99.9,115,349,0.5872956206550977
2024-10-08,66.30933666229248,,,3257.25,81.0,89.0,0.0790513833992094,95.9,93.0,98.0,49,706,0.18468022209264034
2024-10-09,64.74861907958984,172.4,24.14,2652.59,83.0,74.0,0.1063321385902031,96.5,94.5,98.7,22,764,0.8996500619426003
2024-10-10,63.447381019592285,,,2228.09,86.0,125.0,0.109020116807268,96.7,93.7,99.9,0,522,1.7095794387953875
2024-10-11,65.15474700927734,170.6,23.89,3726.81,81.0,60.0,0.0933333333333333,95.2,90.8,98.6,90,516,0.4761765890550474
2024-10-12,66.5125675201416,,,4638.61,76.0,64.0,0.1078534031413612,96.1,93.4,98.9,214,400,-0.6689773863788966
2024-10-13,66.39233875274658,171.9,24.07,4341.48,83.0,57.0,0.0534458509142053,95.4,90.8,97.7,248,604,0.48466426003576235
2024-10-14,68.47514533996582,,,2624.4,80.0,80.0,0.1039168665067945,96.0,94.1,98.1,30,611,-0.5225857714949272
2024-10-15,67.52335929870605,,,3135.67,81.0,70.0,0.0912730184147317,96.9,95.1,98.9,86,531,-0.12182104179841985
2024-10-16,68.0142068862915,,,2511.72,76.0,51.0,0.1607142857142857,96.9,95.1,99.1,20,607,-1.0480925279162767
2024-10-17,68.80677700042725,,,2517.0,85.0,83.0,0.0988416988416988,97.1,95.1,99.7,14,527,0.1960364324025794
2024-10-18,68.75071907043457,171.9,24.07,2869.77,88.0,81.0,0.0908326324642556,96.5,93.1,98.9,64,601,0.6915982907501211
2024-10-19,69.74080467224121,,,3197.86,75.0,42.0,0.0831408775981524,96.0,95.5,96.6,38,853,-1.644472044274969
2024-10-20,67.75522136688232,,,2033.82,84.0,77.0,0.0574971815107102,97.4,95.6,98.9,0,904,0.3010503734788079
2024-10-21,69.1460485458374,,,3624.92,71.0,55.0,0.0877796901893287,96.9,93.5,98.6,44,729,-2.1361941869730394
2024-10-22,69.50137615203857,171.5,24.01,3570.29,90.0,114.0,0.0855457227138643,96.2,92.8,97.9,130,567,0.8230211400525176
2024-10-23,68.6004056930542,171.5,24.01,2486.68,86.0,77.0,0.0631970260223048,96.6,94.8,98.3,5,851,0.40860816535708383
2024-10-24,70.18850135803223,,,2774.94,84.0,86.0,0.0867526377491207,97.4,91.7,100.0,27,747,-0.313273750568418
2024-10-25,72.11116886138916,,,3157.25,80.0,68.0,0.0511278195488721,97.2,96.5,98.1,46,789,-1.4405635516672446
2024-10-26,71.16297245025635,173.9,24.35,2293.24,84.0,102.0,0.1067809820732657,95.5,91.4,98.9,0,647,-0.5592960342009009
2024-10-27,70.6182451248169,175.0,24.51,2862.91,88.0,54.0,0.0927536231884058,95.9,92.5,98.3,36,634,0.2201086505662858
2024-10-28,72.04378032684326,175.0,24.51,3152.09,81.0,57.0,0.1107099879663056,96.8,94.0,98.7,52,719,-1.2630804523616546
2024-10-29,71.69174385070801,173.7,24.32,3160.5099999999998,88.0,71.0,0.0568445475638051,95.8,93.0,98.5,62,699,-0.050914892489776875
2024-10-30,70.83055973052979,172.4,24.14,2192.95,87.0,82.0,0.104,97.1,95.3,99.3,9,588,0.006036427918916232
2024-10-31,70.93991756439209,172.4,24.14,2793.5299999999997,87.0,100.0,0.0852713178294573,96.4,94.4,99.9,42,485,-0.021572871355933887
2024-11-01,72.02900791168213,,,2596.71,83.0,83.0,0.0680555555555555,95.6,93.9,97.3,23,877,-0.9384115291054188
2024-11-02,70.60366439819336,,,2461.5,80.0,74.0,0.120713305898491,96.0,93.1,98.0,35,902,-1.0599676637224316
2024-11-03,69.27174282073975,175.4,24.57,3052.68,79.0,51.0,0.055441478439425,97.0,95.9,98.1,17,845,-0.8841704327943078
2024-11-04,69.49016380310059,175.4,24.57,2397.2599999999998,78.0,95.0,0.0681736700911125,96.2,94.3,98.3,12,763,-1.0997843171078228
2024-11-05,67.39963722229004,,,2200.2,81.0,101.0,0.07163433839062795,96.9,95.3,98.7,0,736,-0.09058523807011375
2024-11-06,68.35669803619385,,,3365.09,,,,,,,61,1034,
2024-11-07,70.75774097442627,,,2695.9,81.0,83.0,0.0757978723404255,97.9,95.1,100.0,24,809,-0.9383973079897334
2024-11-08,70.90152549743652,,,2620.45,85.0,77.0,0.0440251572327044,96.5,94.6,98.5,27,704,-0.3328194905511678
2024-11-09,72.49516487121582,175.4,24.57,3055.13,78.0,59.0,0.0868761552680221,96.6,95.9,97.6,16,687,-1.8584494340056437
2024-11-10,73.14290142059326,177.4,24.85,3269.21,78.0,82.0,0.0680907877169559,96.2,94.3,98.3,30,592,-2.0219818633836635
2024-11-11,70.72396945953369,,,2547.78,84.0,75.0,0.097622027534418,95.9,92.5,97.3,5,802,-0.44846204521866295
2024-11-12,70.76199626922607,175.4,24.57,3849.96,89.0,70.0,0.0724174653887114,96.1,93.2,98.4,81,533,0.3442858422913866
2024-11-13,72.14335536956787,,,2219.2599999999998,86.0,106.0,0.080047789725209,97.0,96.4,97.7,14,893,-0.48587149357402826
2024-11-14,72.1106128692627,175.0,24.51,2721.82,83.0,109.0,0.1053013798111837,96.1,95.1,97.4,32,533,-0.9590141289977155
2024-11-15,73.43588829040527,,,2492.64,80.0,82.0,0.0570342205323193,96.2,95.2,97.3,17,712,-1.775012158403242
2024-11-16,71.74591255187988,173.0,24.23,3198.95,78.0,62.0,0.059612518628912,97.4,95.6,99.3,70,795,-1.66928757164681
2024-11-17,70.19926738739014,,,2276.96,91.0,120.0,0.0788704965920155,96.5,95.1,97.8,0,772,0.8072959665727181
2024-11-18,71.64763927459717,175.0,24.51,3877.36,86.0,76.0,0.0583232077764277,95.4,92.0,97.2,44,556,-0.3607192887613484
2024-11-19,73.99172973632812,,,3075.55,88.0,69.0,0.0632368703108253,96.9,95.5,99.1,74,717,-0.6315865865174115
2024-11-20,72.24047183990479,,,2458.34,92.0,94.0,0.0586080586080586,96.8,95.6,100.0,38,873,0.45242785908769867
2024-11-21,70.72591781616211,173.9,24.35,2585.0,84.0,86.0,0.0932475884244373,95.8,92.2,98.8,9,755,-0.44895394195205895
2024-11-22,69.90655708312988,173.9,24.35,3337.75,86.0,107.0,0.0696753760886777,96.3,94.2,98.7,77,461,0.07884738505242261
2024-11-23,71.93968200683594,,,3742.33,66.0,46.0,0.1175468483816013,96.7,94.5,99.8,33,689,-3.6438442730457217
2024-11-24,74.13233375549316,,,3446.08,82.0,78.0,0.0815822002472188,96.8,94.5,98.9,99,584,-1.6299026376324681
2024-11-25,73.3504581451416,,,3453.64,83.0,64.0,0.0941798941798941,97.2,94.4,99.9,98,571,-1.272034770201631
2024-11-26,73.41133689880371,178.3,24.97,2803.09,80.0,63.0,0.0916030534351145,96.3,93.5,99.2,54,655,-1.7688137298645505
2024-11-27,74.46854496002197,,,2240.57,83.0,92.0,0.0878885316184351,96.1,93.7,97.3,0,856,-1.5543153567590133
2024-11-28,73.54406261444092,,,2099.96,85.0,99.0,0.0953436807095343,96.5,95.4,98.6,0,863,-0.9999742386978633
2024-11-29,71.98958778381348,172.6,24.17,2841.08,90.0,73.0,0.062421972534332,96.8,93.9,98.4,35,773,0.19482856184787134
2024-11-30,73.50213146209717,,,2608.48,70.0,66.0,0.1206611570247934,96.4,96.0,97.0,18,940,-3.3964332489853986
2024-12-01,71.61637210845947,173.7,24.32,2341.31,90.0,109.0,0.0903553299492385,97.0,94.7,100.0,0,736,0.28905339157418375
2024-12-02,69.51426410675049,,,2454.07,85.0,79.0,0.1302127659574468,97.0,93.9,98.9,11,513,0.017418929095309066
2024-12-03,69.6787691116333,173.7,24.32,3297.93,93.0,150.0,0.0800850460666194,96.1,92.7,98.0,78,402,1.2596442351769856
2024-12-04,68.201491355896,,,2373.49,79.0,65.0,0.0882723833543505,97.2,95.8,98.7,0,863,-0.6139667176272385
2024-12-05,68.91803455352783,176.8,24.75,3397.86,88.0,154.0,0.088235294117647,95.8,92.1,97.2,98,422,0.6493565684803249
2024-12-06,69.83898830413818,,,2467.96,76.0,47.0,0.122334455667789,95.4,90.8,98.1,8,824,-1.508790536437096
2024-12-07,69.70275783538818,,,2132.72,73.0,63.0,0.14367278765478986,93.7,91.9,95.8,0,752,-1.9558058228522337
2024-12-08,68.2441577911377,173.7,24.32,2859.6,89.0,152.0,0.0534255185417976,95.8,90.2,100.0,38,379,0.9799582364136441
2024-12-09,66.89345359802246,,,2192.2,88.0,97.0,0.08,95.7,94.3,97.2,0,754,1.1604974674221564
2024-12-10,65.60470676422119,,,2014.79,83.0,99.0,0.1549395877754086,96.2,93.2,98.1,0,587,0.6835157416499993
2024-12-11,64.3515853881836,,,2735.66,81.0,44.0,0.12453300124533,97.2,95.2,99.5,24,815,0.6789487982300383
2024-12-12,64.65219211578369,174.8,24.48,2647.27,83.0,134.0,0.1343768298331629,96.2,94.4,97.7,32,436,0.9239947367396647
2024-12-13,66.93859958648682,,,3382.36,73.0,50.0,0.1616688396349413,94.1,92.7,96.6,73,562,-1.257945691194399
2024-12-14,65.04971694946289,,,2180.91,82.0,110.0,0.14540059347181,96.3,94.1,98.0,0,364,0.6631629502633002
2024-12-15,65.57176780700684,,,2953.43,88.0,93.0,0.0752797558494405,96.2,94.0,99.0,77,667,1.4941801791464395
2024-12-16,67.29337978363037,176.1,24.66,3165.55,64.0,36.0,0.121160760624097,98.3,96.5,99.9,35,640,-2.7917433199425203
2024-12-17,67.91453742980957,174.6,24.44,3194.89,86.0,73.0,0.0973549785728791,96.5,95.4,97.6,55,310,0.5817676133293792
2024-12-18,68.52369785308838,,,2843.05,72.0,48.0,0.15386096818265826,95.9,95.1,96.8,48,374,-1.8186011771937354
2024-12-19,68.41944694519043,174.6,24.44,3380.13,79.0,52.0,0.0554455445544554,94.4,87.6,97.4,72,842,-0.6689934210734064
2024-12-20,67.50197315216064,,,2916.43,76.0,69.0,0.1031149301825993,97.5,95.1,99.3,29,706,-0.9187701559854281
2024-12-21,69.90880393981934,173.5,24.29,3355.35,69.0,5.0,0.1053604436229205,95.3,93.9,96.1,43,615,-2.649704505357492
2024-12-22,70.24109363555908,174.8,24.48,2457.78,87.0,89.0,0.0841546626231994,95.8,92.3,97.9,20,606,0.1548574611602599
2024-12-23,72.16746044158936,172.4,24.14,3203.42,73.0,48.0,0.0844686648501362,,,,67,851,-2.578063136066697
2024-12-24,71.69077777862549,,,2207.2,,,,,,,0,1304,
2024-12-25,70.0258560180664,176.5,24.72,2272.53,81.0,105.0,0.10162989983208845,96.7,94.1,99.3,8,529,-0.7536201403993159
2024-12-26,68.30303955078125,177.9,24.91,2774.37,85.0,52.0,0.0941446613088404,97.6,96.0,99.9,43,780,0.32321376860272566
2024-12-27,68.96703815460205,178.7,25.03,3381.09,88.0,59.0,0.0750237416904083,95.6,93.1,97.8,85,596,0.636984751667393
2024-12-28,68.22088813781738,,,2209.29,91.0,96.0,0.0685840707964601,97.5,94.9,99.9,0,829,1.3067724361723556
2024-12-29,66.36555099487305,,,3839.78,90.0,101.0,0.0793319415448851,96.5,93.4,99.0,92,517,1.6147150880763932
2024-12-30,67.73805236816406,178.7,25.03,3632.85,85.0,85.0,0.0591016548463357,96.2,93.6,97.5,69,466,0.46585467196016905
2024-12-31,69.4668436050415,,,2658.8,81.0,90.0,0.0898321816386969,96.0,92.3,97.2,16,619,-0.6124876722032655
2025-01-01,70.46034336090088,181.6,25.43,2490.18,83.0,107.0,0.0860759493670886,96.6,94.0,98.5,5,508,-0.5423747065500241
2025-01-02,68.70081043243408,180.3,25.25,2500.62,89.0,110.0,0.0901137357830271,96.4,93.4,100.0,0,551,0.8646682842180142
2025-01-03,70.07546997070312,,,2995.92,85.0,69.0,0.1098527746319365,95.9,94.8,96.9,48,614,-0.12426731417994386
2025-01-04,68.46825790405273,,,2129.38,89.0,105.0,0.1053984575835475,95.8,94.2,97.6,7,713,0.9233802404303884
2025-01-05,67.47914028167725,181.2,25.37,2056.02,85.0,94.0,0.0743718592964824,96.3,93.3,100.0,0,864,0.5312215599939163
2025-01-06,65.66775798797607,180.1,25.22,2229.84,81.0,72.0,0.0895915678524374,96.4,93.8,98.9,0,925,0.34665798812874216
2025-01-07,65.66215991973877,180.1,25.22,3082.7,85.0,81.0,0.0694645441389291,97.4,94.9,100.0,39,799,0.9899500554069629
2025-01-08,68.0057020187378,,,3149.95,82.0,59.0,0.0744680851063829,95.3,93.3,96.8,59,797,-0.08312721978853266
2025-01-09,70.55119895935059,183.2,25.65,3762.2000000000003,81.0,101.0,0.0934119960668633,96.9,96.2,98.1,107,483,-0.8862521611296071
2025-01-10,70.1098575592041,,,2807.76,79.0,99.0,0.123856439127375,96.5,95.6,97.3,55,449,-1.0957671682422778
2025-01-11,69.31094551086426,182.3,25.52,3031.29,82.0,99.0,0.1051073279052553,96.2,91.4,98.8,63,498,-0.41265878536475875
2025-01-12,70.3751277923584,,,4784.1900000000005,76.0,55.0,0.082442748091603,95.8,94.0,97.2,223,453,-1.6441483344159318
2025-01-13,72.80492401123047,183.2,25.65,2929.78,73.0,56.0,0.0832,96.3,95.2,97.2,47,516,-2.7390019718998597
2025-01-14,71.40975666046143,181.6,25.43,3068.54,84.0,127.0,0.113834422657952,96.4,92.0,100.0,60,206,-0.6216010275902053
2025-01-15,68.69197654724121,,,2134.07,87.0,108.0,0.0500446827524575,96.3,93.2,98.8,0,633,0.5459591846728659
2025-01-16,66.57330322265625,179.4,25.12,3229.19,86.0,45.0,0.1356243215768707,96.1,94.3,98.0,93,500,0.9203856648682247
2025-01-17,66.37513160705566,179.4,25.12,2087.55,87.0,120.0,0.0704563650920736,96.5,93.4,100.0,0,706,1.130887242113606
2025-01-18,65.58805274963379,,,2192.44,88.0,80.0,0.0746411483253588,96.8,94.6,100.0,0,795,1.490068760341021
2025-01-19,67.61359310150146,177.2,24.81,2382.61,82.0,118.0,0.1041796631316282,96.4,94.7,98.2,16,497,0.01586753954390207
2025-01-20,69.41132164001465,180.3,25.25,2909.11,,,,,,,51,1008,
2025-01-21,67.58994197845459,177.9,24.91,2686.92,86.0,73.0,0.095843935538592,96.2,94.4,98.6,13,625,0.6637174164957332
2025-01-22,65.01430130004883,178.7,25.03,2084.48,88.0,116.0,0.0621546961325966,96.7,95.5,100.0,0,588,1.6349223562975388
2025-01-23,64.9695463180542,,,3524.39,75.0,43.0,0.075780089153046,96.4,93.4,100.0,109,767,-0.4398843602847732
2025-01-24,65.82444667816162,,,2801.12,84.0,109.0,0.0716934487021013,96.7,95.7,98.2,28,798,0.7885082384573352
2025-01-25,66.39389133453369,180.1,25.22,3004.62,85.0,87.0,0.0648259303721488,95.8,94.0,97.7,6,717,0.8052116520720896
2025-01-26,67.53419589996338,,,2553.55,80.0,88.0,0.081766917293233,96.9,93.5,98.6,3,718,-0.28502661570330057
2025-01-27,67.35825538635254,177.9,24.91,3359.59,70.0,44.0,0.0691144708423326,96.8,95.3,98.5,63,793,-1.8453041959318366
2025-01-28,66.76474189758301,,,2415.95,84.0,74.0,0.0902708124373119,95.8,92.9,97.9,29,687,0.5511142521023751
2025-01-29,65.70415019989014,180.5,25.28,2585.21,90.0,60.0,0.051819184123484,97.2,94.1,100.0,7,780,1.781697295426071
2025-01-30,64.76276111602783,177.2,24.81,3698.18,76.0,79.0,0.1065545221778748,96.3,95.3,97.5,101,440,-0.22720813238054105
2025-01-31,66.42042350769043,176.3,24.69,3234.35,74.0,51.0,0.087719298245614,96.5,94.9,98.9,74,738,-0.9666533861006119
2025-02-01,66.00312519073486,,,2215.4,73.0,55.0,0.05828301698945255,97.5,96.6,98.4,0,863,-1.0217688061548165
2025-02-02,66.23423671722412,179.8,25.19,2431.2,85.0,83.0,0.060377358490566,97.1,95.5,99.1,1,863,0.8455192546848276
2025-02-03,67.71883487701416,177.4,24.85,3731.2,79.0,83.0,0.06053946401255535,96.3,95.6,96.9,101,615,-0.4921116414817757
2025-02-04,69.14245510101318,,,1972.31,56.0,15.0,0.2021978021978022,96.2,91.7,98.6,0,1143,-4.542332222557941
2025-02-05,66.81879806518555,,,2607.14,83.0,136.0,0.1300498063087991,,,,31,287,0.37699714219124225
2025-02-06,69.41572666168213,181.6,25.43,2618.95,78.0,89.0,0.07554519808659385,93.4,91.7,96.0,29,434,-1.0809913578656505
2025-02-07,69.07801818847656,,,2916.94,,,,,,,67,1208,
2025-02-08,67.51325511932373,,,2077.99,83.0,118.0,0.0883054892601432,95.9,91.9,99.7,0,634,0.20166930362620858
2025-02-09,65.29520893096924,180.5,25.28,3121.27,90.0,113.0,0.066876475216365,96.3,89.5,99.7,35,494,1.8849416765619513
2025-02-10,67.30312156677246,181.8,25.46,3837.06,67.0,35.0,0.075043630017452,93.1,91.2,94.7,108,737,-2.31279375088396
2025-02-11,67.13829135894775,,,2004.22,,,,,,,0,1380,
2025-02-12,66.87734794616699,180.5,25.28,3034.54,85.0,116.0,0.0552689756816507,95.9,94.0,98.6,79,430,0.6831545684086047
2025-02-13,65.45999336242676,180.5,25.28,3795.77,89.0,108.0,0.0851970181043663,94.7,94.1,95.7,116,600,1.6828692783373533
2025-02-14,67.73695373535156,,,3203.2,72.0,67.0,0.0520325203252032,95.9,93.5,99.1,36,667,-1.6199738541006885
2025-02-15,68.59758949279785,180.9,25.34,3571.88,70.0,46.0,0.1029940119760479,96.2,94.5,97.9,64,635,-2.1581957834651204
2025-02-16,66.66076469421387,180.9,25.34,2730.27,82.0,73.0,0.0929989550679205,96.4,93.7,98.9,16,763,0.25642574854707084
2025-02-17,68.29078388214111,182.9,25.62,2503.58,84.0,106.0,0.079136690647482,97.0,95.4,100.0,19,765,0.1658382424229799
2025-02-18,66.94007205963135,,,3027.77,88.0,98.0,0.0806257521058965,96.0,92.1,100.0,59,776,1.1487278208149139
2025-02-19,67.6135196685791,,,2974.77,81.0,89.0,0.0914127423822714,97.2,95.5,99.2,23,592,-0.14458360527137995
2025-02-20,69.12446403503418,178.7,25.03,3075.84,84.0,100.0,0.0828729281767955,96.7,95.3,98.0,42,630,-0.04463890427790684
2025-02-21,70.13756561279297,178.7,25.03,3511.01,81.0,94.0,0.0856378233719892,96.0,93.6,99.3,52,480,-0.7818231828677805
2025-02-22,68.878586769104,180.3,25.25,3090.75,88.0,80.0,0.0775462962962963,96.5,95.1,99.3,28,661,0.6593158521221223
2025-02-23,67.51414966583252,,,2650.06,84.0,74.0,0.0758620689655172,96.3,93.2,98.8,58,888,0.36191314394444996
2025-02-24,66.57936573028564,179.0,25.06,3163.18,84.0,84.0,0.1012064343163538,96.6,93.6,99.0,69,361,0.5979157102199704
2025-02-25,64.07115650177002,,,2124.95,80.0,57.0,0.1376228775692582,96.1,92.3,99.0,0,743,0.5892782947771422
2025-02-26,64.28342342376709,179.0,25.06,3472.01,83.0,98.0,0.0817813765182186,95.9,94.4,97.2,123,518,1.0170968476858373
2025-02-27,65.02989864349365,178.1,24.94,2241.17,87.0,89.0,0.0625610948191593,96.8,95.4,97.9,0,785,1.470514849699015
2025-02-28,63.17041015625,176.5,24.72,3796.57,64.0,20.0,0.1132897603485838,98.1,97.1,99.5,110,797,-1.750827472187239
2025-03-01,64.88007640838623,176.5,24.72,3647.36,81.0,82.0,0.120213713268032,96.7,94.7,100.0,102,504,0.5455219898752045
2025-03-02,67.42419815063477,,,2464.77,75.0,92.0,0.1253985122210414,96.6,94.9,99.0,27,794,-1.0596041797776206
2025-03-03,66.58751964569092,,,3068.35,75.0,47.0,0.0738636363636363,96.9,95.0,98.1,57,799,-0.8483700466206412
2025-03-04,65.63060760498047,179.8,25.19,2314.89,86.0,72.0,0.1047448522829006,96.9,94.7,99.2,0,570,1.1583856737772513
2025-03-05,63.870633125305176,180.9,25.34,3212.2,85.0,102.0,0.08108955659276545,96.9,94.9,99.1,73,491,1.4422523521835244
2025-03-06,64.75171852111816,,,3343.05,78.0,91.0,0.1262050832602979,96.4,94.5,99.1,91,542,0.09651913246927668
2025-03-07,67.06137180328369,177.0,24.78,3623.77,,,,,,,87,678,
2025-03-08,66.42976093292236,180.1,25.22,3076.08,84.0,79.0,0.1129991503823279,94.9,91.8,96.8,49,449,0.6356860598828664
2025-03-09,64.4445915222168,178.3,24.97,2137.67,85.0,70.0,0.1323529411764706,96.7,95.3,98.2,0,397,1.2973465087521427
2025-03-10,63.60270881652832,,,3440.85,,,,,,,76,949,
2025-03-11,62.063029289245605,179.4,25.12,2153.0,82.0,77.0,0.0962393739796205,97.5,96.2,99.9,0,675,1.4172045267933273
2025-03-12,61.1574125289917,,,3158.11,83.0,67.0,0.1405094494658997,95.4,89.5,98.0,68,409,1.8063130133879417
2025-03-13,61.254591941833496,,,3787.9,70.0,29.0,0.1023454157782516,96.5,95.9,97.3,93,785,-0.30432752548247244
2025-03-14,63.46005153656006,,,2946.72,74.0,75.0,0.11518918021905075,95.1,93.9,96.3,61,556,-0.21925566589037393
2025-03-15,62.662899017333984,178.1,24.94,3035.32,83.0,60.0,0.0727081138040042,96.4,94.7,99.2,29,686,1.4262265985159952
2025-03-16,60.311116218566895,,,3088.32,84.0,42.0,0.0574098798397863,96.3,94.6,98.0,30,634,2.180445014123184
2025-03-17,62.04185771942139,178.1,24.94,3627.6,68.0,32.0,0.09732921573285365,96.3,95.8,96.8,101,631,-0.8240259192193533
2025-03-18,60.68232345581055,177.2,24.81,2623.21,69.0,21.0,0.0786516853932584,96.1,95.1,97.1,0,864,-0.3203180138756969
2025-03-19,62.69105529785156,,,3499.5099999999998,81.0,101.0,0.10602449920327789,95.4,93.4,97.6,90,426,1.0981786841895298
2025-03-20,64.5539665222168,,,4641.36,,,,,,,191,491,
2025-03-21,66.34521865844727,,,3066.9900000000002,83.0,90.0,0.0974572289564717,97.1,94.4,100.0,38,439,0.49656055259590076
2025-03-22,65.05561256408691,,,3094.4,71.0,41.0,0.1169977924944812,97.7,97.4,98.4,4,861,-1.1034920275011997
2025-03-23,66.59496784210205,180.9,25.34,2283.73,73.0,76.0,0.0963244613434727,95.4,93.7,96.5,0,911,-1.1711898426558873
2025-03-24,66.68112850189209,180.9,25.34,3259.36,82.0,66.0,0.0927230046948356,96.8,94.7,100.0,82,742,0.2512845488661092
2025-03-25,67.2868537902832,,,2553.36,85.0,99.0,0.0735294117647058,95.9,93.6,97.7,27,684,0.5797676503827731
2025-03-26,68.38772392272949,180.1,25.22,4153.79,82.0,78.0,0.08,95.9,93.3,97.7,118,375,-0.17957533607195642
2025-03-27,69.68027687072754,,,2004.66,80.0,72.0,0.1203407880724174,95.9,93.7,98.4,0,892,-0.8268423201410287
2025-03-28,69.36690902709961,179.2,25.09,4203.17,87.0,110.0,0.087248322147651,96.8,94.6,100.0,118,379,0.3755606666280555
2025-03-29,71.44047260284424,180.7,25.31,2715.92,79.0,52.0,0.1104718066743383,96.2,93.1,98.6,0,729,-1.4317042260824624
2025-03-30,71.75314807891846,182.3,25.52,3926.32,73.0,31.0,0.0660736975857687,95.8,92.9,98.5,142,651,-2.4734627283020907
2025-03-31,70.05953693389893,,,2457.36,86.0,111.0,0.0825688073394495,96.3,91.1,98.8,24,686,0.04022494408287536
2025-04-01,68.6877384185791,180.5,25.28,2102.36,89.0,108.0,0.0864,95.0,91.8,97.6,0,716,0.8679685429182877
2025-04-02,67.25966835021973,180.5,25.28,2279.93,84.0,103.0,0.0890924229808493,96.4,92.7,100.0,0,702,0.42616140631820804
2025-04-03,66.64350414276123,179.4,25.12,2091.34,89.0,105.0,0.0785013380909901,96.6,93.3,99.5,0,744,1.384071266569774
2025-04-04,64.41250896453857,178.3,24.97,2462.27,85.0,75.0,0.0972346119536128,96.6,94.7,98.7,16,640,1.3054463119866875
2025-04-05,64.09743595123291,178.3,24.97,4316.78,91.0,126.0,0.0807799442896936,94.8,91.3,97.0,167,433,2.3478101144450614
2025-04-06,65.54226398468018,,,3732.81,64.0,73.0,0.0930232558139534,95.8,92.0,98.4,64,641,-2.3496434862990583
2025-04-07,67.47070693969727,177.0,24.78,3669.77,76.0,62.0,0.0943796394485683,96.5,95.2,98.1,113,592,-0.9108764533890563
2025-04-08,66.52514934539795,177.0,24.78,3136.58,81.0,102.0,0.0915254237288135,97.0,93.1,100.0,77,413,0.13019453282167592
2025-04-09,65.38075542449951,,,3655.56,88.0,70.0,0.0747663551401869,96.2,90.5,100.0,87,522,1.5424045984458117
2025-04-10,63.867600440979004,175.2,24.54,3222.96,72.0,9.0,0.0565110565110565,94.4,91.4,97.1,74,898,-0.6430878887205407
2025-04-11,66.05899810791016,177.0,24.78,3578.79,77.0,50.0,0.1129234629861982,95.9,94.3,97.8,44,612,-0.3939961650853601
2025-04-12,65.08840084075928,175.7,24.6,3444.43,88.0,95.0,0.0738786279683377,96.8,92.9,100.0,57,491,1.616214630263209
2025-04-13,67.36696815490723,179.2,25.09,2687.77,83.0,72.0,0.0781426953567383,96.3,93.0,98.2,21,728,0.23860200828886743
2025-04-14,66.16144180297852,181.2,25.37,2124.09,85.0,110.0,0.113100081366965,95.8,93.3,97.8,0,711,0.8638976049329185
2025-04-15,64.46449756622314,,,2332.64,82.0,45.0,0.037037037037037,97.3,93.1,100.0,10,916,0.8109118267969531
2025-04-16,64.73511028289795,179.8,25.19,3716.83,76.0,62.0,0.0426356589147286,96.5,95.2,97.6,89,622,-0.22022719557775905
2025-04-17,63.9394006729126,,,2254.02,82.0,76.0,0.1191489361702127,96.5,92.1,99.4,0,690,0.9434817284096643
2025-04-18,63.39571952819824,,,3349.58,82.0,101.0,0.1747967479674796,94.7,93.7,95.9,68,462,1.0807435495738624
2025-04-19,64.1057825088501,,,2162.82,86.0,73.0,0.0658036677454153,95.5,93.4,98.1,0,861,1.543354458673576
2025-04-20,63.74153804779053,179.8,25.19,2322.82,90.0,120.0,0.0923407301360057,96.6,94.7,97.9,9,631,2.2771930852933364
2025-04-21,65.63845920562744,180.7,25.31,3170.06,80.0,40.0,0.0966608084358523,97.1,96.0,98.8,0,783,0.19358529431440008
2025-04-22,64.68194770812988,,,2102.05,86.0,123.0,0.1295681063122923,95.6,92.8,98.9,0,565,1.3978914693581617
2025-04-23,62.98381519317627,180.5,25.28,2447.73,87.0,89.0,0.0860702151755379,95.7,90.7,97.2,27,841,1.9870844298194463
2025-04-24,62.55793380737305,179.6,25.15,3549.12,84.0,93.0,0.086060606060606,95.7,94.0,97.6,57,604,1.6131965872436453
2025-04-25,63.470703125,,,2411.6,81.0,56.0,0.0834782608695652,96.6,93.2,99.5,14,714,0.9013429438635902
2025-04-26,61.07851791381836,,,2511.51,88.0,101.0,0.0543766578249336,97.5,96.0,99.9,8,861,2.628579761108996
2025-04-27,62.43904972076416,,,2627.41,72.0,26.0,0.0456081081081081,95.7,95.1,96.3,6,892,-0.28242525513750993
2025-04-28,64.14069366455078,179.2,25.09,3365.39,80.0,36.0,0.0277777777777777,97.5,95.8,99.5,85,932,0.5717224209075538
2025-04-29,64.33397579193115,,,3292.77,80.0,39.0,0.06633120852252875,95.9,94.4,97.3,69,601,0.5229249647870937
2025-04-30,64.64693641662598,181.2,25.37,3817.02,73.0,41.0,0.0669216061185468,97.4,94.8,100.0,106,766,-0.6793752124346775
2025-05-01,65.33692646026611,179.2,25.09,2288.85,91.0,129.0,0.0650542118432026,96.7,92.4,100.0,0,674,2.0348790403409125
2025-05-02,67.26720237731934,,,4304.19,,,,,,,172,620,
2025-05-03,67.35322570800781,180.5,25.28,2945.0,85.0,131.0,0.09767070064878325,96.3,92.1,99.2,15,321,0.5630108980296513
2025-05-04,68.9362382888794,,,2550.15,79.0,45.0,0.104662226450999,96.4,94.2,99.7,0,733,-0.7994664413101286
2025-05-05,71.35491561889648,,,2952.74,82.0,55.0,0.1219512195121951,96.3,92.4,99.9,43,819,-0.9286948152349671
2025-05-06,69.5143871307373,179.6,25.15,3296.46,86.0,94.0,0.1041041041041041,96.4,94.4,99.1,87,619,0.17785755377836565
2025-05-07,71.70790386199951,,,4076.32,66.0,34.0,0.099510603588907,97.1,94.5,100.0,119,688,-3.5853278235134836
2025-05-08,68.97973346710205,180.7,25.31,3382.81,86.0,81.0,0.1018437225636523,96.4,93.5,99.6,97,524,0.3128402293339849
2025-05-09,70.72363948822021,,,3380.36,,,,,,,52,822,
2025-05-10,68.16502285003662,180.7,25.31,2415.2,83.0,137.0,0.11268564804752584,96.3,94.6,97.7,17,577,0.03711913196132419
2025-05-11,67.47978687286377,,,2034.58,81.0,56.0,0.0976933514246947,96.5,94.2,98.4,0,991,-0.11082042023594815
2025-05-12,67.0290584564209,,,3275.73,,,,,,,81,998,
2025-05-13,66.96809005737305,,,2725.9,79.0,81.0,0.09421243493010464,94.1,89.9,97.2,26,673,-0.3025729712973106
2025-05-14,67.19458961486816,179.4,25.12,4095.92,67.0,36.0,0.1159737417943107,95.8,95.1,96.7,123,665,-2.2853929599650185
2025-05-15,69.8596420288086,,,4026.27,61.0,26.0,0.1177570093457943,95.5,94.4,96.4,68,706,-3.921050194364921
2025-05-16,72.42171669006348,181.2,25.37,2472.68,66.0,100.0,0.0966623450018284,95.7,93.1,98.7,9,724,-3.7655423659948193
2025-05-17,75.05327320098877,,,2911.0,74.0,61.0,0.0994764397905759,96.2,95.7,96.9,29,885,-3.146167394005899
2025-05-18,75.28657913208008,,,3617.23,77.0,52.0,0.1327649208282582,96.2,95.0,97.8,105,627,-2.723660507193851
2025-05-19,72.9346752166748,176.1,24.66,3380.72,74.0,24.0,0.0656063618290258,97.2,95.9,98.1,63,686,-2.6112902505388056
2025-05-20,71.93706321716309,,,2839.03,81.0,34.0,0.1347773766546329,94.6,90.5,98.1,11,653,-1.2361378501278095
2025-05-21,71.5743408203125,,,2197.62,82.0,86.0,0.1902231668437832,95.4,93.8,97.8,0,492,-0.9840925479842006
2025-05-22,69.32011413574219,180.7,25.31,2165.08,83.0,69.0,0.1030561478322672,97.0,94.5,100.0,0,591,-0.2545038809539787
2025-05-23,69.47869300842285,,,3640.53,85.0,41.0,0.0618556701030927,96.0,92.4,98.5,70,647,0.026399475477559275
2025-05-24,68.11535453796387,,,3027.09,79.0,86.0,0.1753086419753086,96.2,95.1,96.9,37,535,-0.5922199702669547
2025-05-25,68.91483402252197,,,4429.6,78.0,23.0,0.1085080147965474,96.2,92.6,99.0,39,392,-0.9545322438660526
2025-05-26,70.55394744873047,,,2824.45,80.0,84.0,0.1088757396449704,95.8,93.9,97.8,0,756,-1.047415749622872
2025-05-27,70.80545330047607,,,2344.21,90.0,114.0,0.0696142991533396,95.5,89.8,97.7,6,742,0.4937840383553631
2025-05-28,70.3977575302124,,,4624.9,76.0,68.0,0.0567994872342698,97.9,96.8,99.5,153,493,-1.649861607830887
2025-05-29,71.21008682250977,178.3,24.97,3254.53,78.0,54.0,0.0737588652482269,96.5,94.5,98.5,62,759,-1.5340089875814775
2025-05-30,70.13015651702881,180.3,25.25,2566.22,89.0,72.0,0.0774577954319761,96.1,93.3,99.6,5,729,0.5038048469758291
2025-05-31,70.53546619415283,178.5,25.0,3047.56,83.0,87.0,0.1095666394112837,97.1,94.1,100.0,36,542,-0.5613407806973904
2025-06-01,69.74578380584717,,,2410.54,81.0,101.0,0.1227321237993596,94.9,91.5,99.6,12,829,-0.6829110082536791
2025-06-02,69.29136848449707,178.5,25.0,3350.97,87.0,90.0,0.0759625390218522,95.9,91.2,100.0,34,564,0.3946321988122439
2025-06-03,69.0297679901123,,,3688.12,81.0,37.0,0.0773067331670823,94.1,89.2,97.0,106,623,-0.5021402829754051
2025-06-04,69.39023113250732,178.5,25.0,2942.81,87.0,72.0,0.0811921891058581,96.6,92.6,99.9,64,711,0.3696725929054911
2025-06-05,69.5977840423584,178.5,25.0,3257.38,82.0,61.0,0.0809248554913294,96.4,92.5,100.0,60,664,-0.48507619324384854
2025-06-06,69.71729373931885,,,3005.91,83.0,44.0,0.1,95.3,92.7,96.9,21,728,-0.3547788238064655
2025-06-07,67.74180316925049,,,3407.89,82.0,92.0,0.0968036529680365,95.6,89.5,98.7,26,467,-0.01650133615080715
2025-06-08,67.11537837982178,,,3555.34,83.0,62.0,0.1078561917443408,95.2,91.6,99.8,0,502,0.30212025064517245
2025-06-09,66.24360275268555,,,3901.89,81.0,59.0,0.0946564885496183,95.9,93.2,99.0,36,583,0.20127589812924623
2025-06-10,66.76378059387207,178.7,25.03,2723.49,81.0,85.0,0.0892531876138433,97.5,95.5,100.0,31,663,0.06994789732459013
2025-06-11,66.04115009307861,,,3403.45,84.0,99.0,0.0887728459530026,95.2,87.6,99.6,49,498,0.7337976683498599
2025-06-12,67.15828227996826,,,3128.86,80.0,42.0,0.0895741556534508,93.9,92.2,96.2,71,805,-0.19012064262956913
2025-06-13,65.75723171234131,178.7,25.03,4081.38,81.0,60.0,0.078003120124805,95.8,94.3,97.0,136,630,0.32406878033274983
2025-06-14,65.46157264709473,175.7,24.6,3562.99,84.0,107.0,0.0911974623314829,97.4,94.4,100.0,92,447,0.8801221390710945
2025-06-15,67.14305591583252,,,3375.84,84.0,61.0,0.0566265060240963,97.2,95.3,99.3,60,704,0.4556022564745772
2025-06-16,65.5903434753418,178.5,25.0,2582.32,85.0,87.0,0.1041009463722397,95.8,92.4,98.3,0,659,1.0080813738153749
2025-06-17,63.767940521240234,,,2971.18,,,,97.8,96.4,100.0,81,827,
2025-06-18,62.61589050292969,,,2928.67,90.0,48.0,0.0634441087613293,95.2,90.2,98.4,97,572,2.5613825104715526
2025-06-19,62.6306734085083,,,2083.66,84.0,73.0,0.0779547359597652,95.4,91.1,98.0,0,752,1.5948322017584213
2025-06-20,62.1273889541626,177.0,24.78,2553.43,91.0,85.0,0.0413533834586466,96.0,93.8,98.6,10,819,2.84518296105905
2025-06-21,63.88332557678223,,,2035.81,77.0,59.0,0.093480934809348,96.3,94.0,99.1,0,946,0.15529044671435732
2025-06-22,63.52504539489746,,,3049.88,,,,,,,74,1146,
2025-06-23,60.70491981506348,178.5,25.0,2821.49,91.0,144.0,0.0647803425167535,95.9,93.1,99.0,40,517,3.2043101930420486
2025-06-24,62.112698554992676,,,2767.79,89.0,155.0,0.0700636942675159,96.8,93.9,100.0,23,650,2.5279524409753726
2025-06-25,61.30484580993652,176.8,24.75,2978.85,75.0,76.0,0.0629470672389127,94.7,89.3,98.6,24,791,0.4853334271186833
2025-06-26,61.87899971008301,176.8,24.75,3177.06,80.0,43.0,0.0562913907284768,94.9,90.3,98.3,42,829,1.1427266466829535
2025-06-27,62.20693302154541,,,4356.94,85.0,117.0,0.0792838874680307,96.8,91.8,100.0,143,385,1.8622825635183502
2025-06-28,64.4761962890625,175.0,24.51,3793.86,68.0,70.0,0.0901771336553945,96.9,95.3,98.6,110,637,-1.4386172999352378
2025-06-29,65.26638889312744,,,2296.25,81.0,33.0,0.1212121212121212,95.7,92.5,99.2,0,771,0.4479906413825058
2025-06-30,64.65974426269531,176.1,24.66,2513.37,90.0,102.0,0.0743026738292922,96.8,94.4,99.4,24,662,2.0453758547577197
2025-07-01,63.8036584854126,,,2822.2,75.0,55.0,0.0635208711433756,96.1,94.5,97.6,36,899,-0.145535570120926
2025-07-02,65.36115264892578,178.3,24.97,2717.15,86.0,100.0,0.0726457399103139,95.3,89.6,99.6,11,629,1.2264142937677742
2025-07-03,64.21078968048096,,,3152.19,81.0,82.0,0.090717299578059,95.3,92.3,98.2,27,605,0.7144951390205023
2025-07-04,66.33175945281982,,,3520.45,76.0,74.0,0.0965207631874298,95.0,90.9,98.4,62,475,-0.6233292250566841
2025-07-05,65.71071815490723,,,3283.84,83.0,47.0,0.0535433070866141,96.4,94.5,98.8,63,740,0.6567513105285934
2025-07-06,65.42143154144287,,,2561.39,84.0,65.0,0.0959276018099547,95.0,90.6,97.8,27,690,0.8902564637922745
2025-07-07,63.572089195251465,177.0,24.78,2683.67,82.0,39.0,0.0825958702064896,95.8,93.4,98.3,15,712,1.0362159400858275
2025-07-08,61.44218826293945,177.9,24.91,3472.53,83.0,45.0,0.039451114922813,95.7,95.0,98.6,81,780,1.7344163948550761
2025-07-09,64.05690860748291,,,3141.62,73.0,60.0,0.1004366812227074,95.5,94.4,96.8,30,711,-0.5304123646187031
2025-07-10,66.04395008087158,176.5,24.72,3151.39,80.0,60.0,0.0648414985590778,95.6,88.9,98.7,42,635,0.09121202545528273
2025-07-11,65.11117458343506,176.3,24.69,2586.92,86.0,56.0,0.1185076810534016,94.7,89.9,98.1,40,564,1.289525631826752
2025-07-12,64.06577205657959,177.4,24.85,3162.97,89.0,60.0,0.0739081746920492,95.9,93.6,98.2,82,730,2.0348648503873172
2025-07-13,63.97649574279785,176.5,24.72,2811.11,80.0,59.0,0.0670391061452514,96.4,93.9,98.6,16,831,0.6131770602495619
2025-07-14,63.92512798309326,175.2,24.54,2988.6,87.0,86.0,0.0806629834254143,96.9,94.3,99.5,57,746,1.7494335399820908
2025-07-15,62.3622407913208,,,3224.05,81.0,70.0,0.0940892641737032,93.9,91.9,96.3,49,679,1.1811936616821412
2025-07-16,61.97347831726074,177.9,24.91,3273.24,83.0,55.0,0.0751964085297418,95.5,92.3,98.5,35,660,1.6002829213448249
2025-07-17,62.26071071624756,,,2924.93,87.0,29.0,0.0427927927927927,95.8,92.5,98.1,46,746,2.169644811690639
2025-07-18,64.47040748596191,176.5,24.72,3662.19,84.0,68.0,0.0783316378433367,95.9,92.6,99.2,84,553,1.1303591325998559
2025-07-19,65.2404670715332,,,5393.88,,,,,,,218,695,
2025-07-20,63.339415550231934,,,3842.05,84.0,108.0,0.0933816863100634,96.3,91.7,98.5,107,460,1.4158978427971378
2025-07-21,64.11133098602295,178.1,24.94,3751.14,73.0,87.0,0.1021897810218978,96.3,94.3,98.4,97,688,-0.5441522466490389
2025-07-22,64.00073528289795,177.9,24.91,2984.58,80.0,37.0,0.0973111395646607,95.8,91.4,100.0,55,738,0.6070573640808266
2025-07-23,62.39597511291504,177.9,24.91,2850.18,90.0,144.0,0.1072858286629303,96.3,92.4,99.2,33,563,2.6169039999123997
2025-07-24,64.04058361053467,,,3174.11,80.0,59.0,0.0808344198174706,96.5,91.8,98.9,47,726,0.5969969562941313
2025-07-25,64.47340869903564,,,2985.39,76.0,44.0,0.0886075949367088,95.9,94.8,97.8,34,736,-0.15415605010633038
2025-07-26,63.18882083892822,,,2360.93,84.0,101.0,0.0787075393537696,97.0,95.2,99.8,20,694,1.4539181135609955
2025-07-27,64.49383735656738,178.3,24.97,3130.42,84.0,110.0,0.0774869109947644,95.7,90.6,98.2,56,660,1.1244438516668782
2025-07-28,64.22301864624023,178.3,24.97,2446.05,89.0,99.0,0.0738758029978586,94.8,89.8,97.8,7,811,1.995165196502834
2025-07-29,65.0892448425293,,,3171.6,83.0,50.0,0.1211822660098522,95.5,94.1,96.7,89,648,0.8136531260343699
2025-07-30,65.5880184173584,178.3,24.97,2990.62,83.0,53.0,0.1026282853566958,96.3,90.6,99.6,38,786,0.6877290069156363
2025-07-31,64.85306167602539,,,2721.61,85.0,73.0,0.0793060718711276,97.1,95.1,99.6,53,802,1.1942210688724042
2025-08-01,62.89664077758789,,,2427.17,85.0,97.0,0.063969896519285,96.4,88.8,100.0,6,727,1.688153768385677
2025-08-02,62.28119659423828,,,2089.38,81.0,89.0,0.0788436268068331,96.6,92.7,100.0,0,947,1.2016546877715808
2025-08-03,62.94897174835205,177.4,24.85,2309.49,86.0,84.0,0.0793140407288317,96.9,93.1,100.0,9,850,1.835411583096619
2025-08-04,60.77810192108154,177.4,24.85,2875.59,78.0,59.0,0.0838396111786148,96.0,93.5,99.0,57,785,1.0997281943098836
2025-08-05,62.59455490112305,,,3234.94,75.0,39.0,0.0697329376854599,95.8,94.9,96.8,72,771,0.15972379296207917
2025-08-06,63.64048099517822,178.3,24.97,2430.46,85.0,43.0,0.0969696969696969,96.5,95.0,98.3,20,865,1.500358285841832
2025-08-07,62.70950508117676,176.8,24.75,2778.48,87.0,75.0,0.0775269872423945,95.2,92.1,98.5,39,706,2.056338818909196
2025-08-08,61.66236686706543,,,2493.53,83.0,52.0,0.1071428571428571,94.2,89.4,98.9,32,728,1.678828452404725
2025-08-09,60.54834175109863,177.6,24.88,2804.69,81.0,97.0,0.0980720871751886,96.5,92.6,100.0,18,588,1.639144223494795
2025-08-10,61.86334705352783,,,3089.72,67.0,11.0,0.031331592689295,96.2,94.8,99.1,72,948,-0.9394274613415081
2025-08-11,61.40743064880371,,,2919.03,80.0,56.0,0.1016442451420029,96.4,92.3,98.5,26,810,1.2617825101889344
2025-08-12,61.10607719421387,,,3388.44,85.0,70.0,0.0646992054483541,96.6,95.0,100.0,68,607,2.1402128856709366
2025-08-13,60.49235820770264,,,2863.58,85.0,68.0,0.0610778443113772,96.1,94.1,97.8,32,751,2.2951569858858454
2025-08-14,61.79280185699463,,,4854.96,74.0,31.0,0.0568356374807987,96.2,94.9,97.7,185,544,0.20167069798566595
2025-08-15,64.42466831207275,,,3552.9700000000003,86.0,94.0,0.0423031727379553,96.2,92.2,100.0,88,654,1.4628461561155635
2025-08-16,66.39453506469727,180.3,25.25,2689.39,71.0,46.0,0.0570071258907363,94.5,93.4,95.9,16,1001,-1.4415264482609205
2025-08-17,65.13619899749756,176.3,24.69,2489.37,91.0,88.0,0.0646425073457394,95.5,91.0,98.0,17,759,2.085556201697605
2025-08-18,63.56242084503174,176.3,24.69,2894.77,88.0,86.0,0.0447035957240038,95.3,92.9,98.2,12,659,2.0014749897773223
2025-08-19,62.15099906921387,175.2,24.54,3141.19,89.0,54.0,0.0679953106682297,96.8,95.6,97.9,19,676,2.5182828057771753
2025-08-20,60.31755352020264,174.1,24.38,3522.2,88.0,81.0,0.0742092457420924,95.4,86.7,97.8,48,626,2.820698541618998
2025-08-21,62.32975673675537,,,3515.91,79.0,90.0,0.0725581395348837,95.6,92.7,98.4,55,496,0.868455461349664
2025-08-22,64.51029968261719,173.9,24.35,2869.64,82.0,85.0,0.0940438871473354,95.9,92.7,98.7,19,645,0.7993482808278833
2025-08-23,64.23249912261963,174.1,24.38,3098.79,89.0,72.0,0.0535307517084282,95.3,92.7,97.1,49,690,1.9927716843018115
2025-08-24,64.07254409790039,175.7,24.6,3086.87,82.0,148.0,0.1263289555972482,94.6,91.0,97.2,60,297,0.9098673403302965
2025-08-25,62.21426868438721,177.6,24.88,2694.78,83.0,64.0,0.0862745098039215,96.1,93.4,98.3,13,793,1.5394911785523853
2025-08-26,60.18099784851074,174.3,24.41,3234.7799999999997,81.0,69.0,0.0783582089552238,97.2,96.3,98.1,126,589,1.7318866214112596
2025-08-27,59.68062210083008,174.3,24.41,2848.1,84.0,103.0,0.0825870646766169,95.0,93.4,96.9,24,680,2.3396242898351245
2025-08-28,60.43686866760254,173.2,24.26,2338.8,82.0,104.0,0.0981535471331389,95.0,90.7,98.3,2,767,1.827757238805262
2025-08-29,60.35349178314209,174.8,24.48,3052.92,77.0,48.0,0.0746753246753246,96.0,94.9,97.2,35,707,1.0464587714436118
2025-08-30,62.86388111114502,174.8,24.48,3017.12,76.0,66.0,0.1021021021021021,95.4,92.4,97.3,24,599,0.2521973614028342
2025-08-31,62.77337646484375,175.7,24.6,3490.6,83.0,85.0,0.0643821391484942,94.7,91.7,96.8,37,563,1.3983346331789783
2025-09-01,62.2101526260376,,,2892.88,86.0,64.0,0.0820895522388059,98.3,96.3,100.0,50,847,2.021939402252637
2025-09-02,61.374802589416504,,,2874.39,81.0,30.0,0.0516351118760757,95.4,89.0,98.7,41,890,1.4304897191198054
2025-09-03,59.87166404724121,175.7,24.6,3184.72,88.0,142.0,0.0655864197530864,96.3,93.1,98.9,37,442,2.933271143578158
2025-09-04,62.072630882263184,174.1,24.38,2918.05,80.0,49.0,0.0750636132315521,96.2,94.8,97.6,77,661,1.0938410680933683
2025-09-05,61.2956485748291,173.2,24.26,2025.12,81.0,42.0,0.0936967632027257,97.7,94.5,100.0,0,873,1.4504735355540366
2025-09-06,60.84825801849365,173.2,24.26,4029.6,87.0,65.0,0.0757737459978655,95.1,88.4,98.2,77,492,2.5262432177358702
2025-09-07,62.93635272979736,,,3662.52,71.0,85.0,0.1248868778280543,98.0,95.7,100.0,152,507,-0.5684477884232508
2025-09-08,63.385210037231445,174.1,24.38,2554.68,71.0,18.0,0.0831973898858075,97.3,94.8,100.0,2,910,-0.6817696721417497
2025-09-09,64.13012409210205,174.1,24.38,2915.9,73.0,32.0,0.0834532374100719,97.2,95.7,98.6,36,832,-0.5488968952189368
2025-09-10,63.492570877075195,172.1,24.1,2031.68,81.0,91.0,0.0810572687224669,94.6,83.7,99.0,0,787,0.8958220470957144
2025-09-11,63.13354301452637,172.1,24.1,3150.89,82.0,59.0,0.072289156626506,94.8,92.8,96.4,25,803,1.1469345993885272
2025-09-12,64.97617530822754,174.3,24.41,2138.46,84.0,122.0,0.0758377425044091,96.0,93.8,98.1,0,766,1.0026691932937868
2025-09-13,64.50048542022705,174.6,24.44,3286.13,89.0,79.0,0.0951351351351351,97.1,94.2,99.7,75,640,1.9251138528425806
2025-09-14,65.8105058670044,,,3567.21,75.0,43.0,0.0620915032679738,97.2,95.5,100.0,86,777,-0.6521993179332917
2025-09-15,63.678635597229004,,,2498.86,75.0,57.0,0.09698243272133775,96.2,95.8,97.2,11,800,-0.11397135369347544
2025-09-16,66.22018527984619,,,3304.46,81.0,64.0,0.0500641848523748,95.8,93.5,98.3,30,690,0.20718804902916726
2025-09-17,67.6292667388916,,,3079.39,76.0,78.0,0.0605187319884726,97.7,95.4,100.0,65,781,-0.9509076500057401
2025-09-18,67.43466567993164,173.7,24.32,3432.46,,,,,,,42,850,
2025-09-19,64.84669303894043,,,3159.66,88.0,76.0,0.0695856137607505,95.8,92.8,99.5,73,478,1.67723799550182
2025-09-20,64.94502449035645,,,4759.04,82.0,64.0,0.0612460401267159,96.5,92.4,99.6,256,312,0.689594394021864
2025-09-21,66.57106494903564,,,4626.06,80.0,45.0,0.0605226960110041,94.9,92.9,97.3,173,484,-0.04186734923029481
2025-09-22,66.44007205963135,,,3884.27,78.0,4.0,0.0687593423019432,95.5,91.6,100.0,118,624,-0.32973526998401237
2025-09-23,68.46276950836182,,,2894.35,69.0,60.0,0.1771501925545571,96.2,93.8,98.1,42,787,-2.28462780284967
2025-09-24,70.08280372619629,174.3,24.41,2177.06,71.0,54.0,0.0588235294117647,95.1,94.0,96.3,4,744,-2.3726944285045217
2025-09-25,72.26433563232422,171.5,24.01,3088.2799999999997,76.0,48.0,0.0967351874244256,96.6,94.5,98.4,21,699,-2.1211119208717975
2025-09-26,74.73493576049805,,,2486.2999999999997,77.0,59.0,0.1183246073298429,95.7,93.5,98.5,44,720,-2.5843884824921473
2025-09-27,71.5970458984375,170.4,23.86,2073.1,85.0,59.0,0.0804597701149425,96.7,94.7,98.2,0,889,-0.5084157896437279
2025-09-28,68.84753322601318,,,2167.7,88.0,81.0,0.1076023391812865,96.5,94.3,99.1,0,852,0.6671558626129888
2025-09-29,67.34710597991943,170.4,23.86,2336.27,75.0,49.0,0.136724960254372,97.9,96.6,99.1,0,917,-1.0401409119178397
2025-09-30,65.70802116394043,,,2122.98,89.0,80.0,0.0889145496535796,96.5,94.7,99.7,0,794,1.6202503185553185
2025-10-01,65.80755424499512,169.0,23.67,2117.2999999999997,77.0,108.0,0.1551606288448393,97.5,94.8,99.5,0,600,-0.33051476081041076
2025-10-02,65.44810104370117,,,2203.09,82.0,57.0,0.0920436817472698,97.1,93.9,99.5,0,979,0.5625839126607991
2025-10-03,65.12429714202881,169.0,23.67,2658.37,91.0,99.0,0.0512223515715948,95.4,91.9,97.9,1,780,2.088561033431713
2025-10-04,63.992374420166016,,,2553.69,87.0,75.0,0.0670157068062827,96.1,93.3,99.4,37,771,1.732455999912609
2025-10-05,64.27887535095215,,,2767.16,83.0,62.0,0.090547263681592,96.8,94.0,99.2,43,692,1.018245088273975
2025-10-06,64.49931716918945,169.0,23.67,2908.22,86.0,70.0,0.0601173020527859,96.7,94.3,99.2,65,862,1.4439997455396596
2025-10-07,66.45494270324707,,,2810.97,82.0,34.0,0.041405269761606,96.1,92.4,98.2,42,784,0.3083891127181545
2025-10-08,65.94869327545166,,,2248.62,89.0,92.0,0.0626836434867776,95.0,92.8,98.2,5,802,1.5594884314628008
2025-10-09,67.00375843048096,169.0,23.67,2805.5299999999997,82.0,73.0,0.0504201680672268,96.7,95.5,98.0,58,904,0.16983097632507527
2025-10-10,65.98172569274902,,,1924.24,87.0,97.0,0.0935361216730038,96.7,94.3,100.0,0,576,1.230209451058091
2025-10-11,63.97822189331055,167.7,23.49,2206.85,87.0,107.0,0.0577705451586655,97.8,96.0,100.0,16,686,1.736029053032333
2025-10-12,61.434913635253906,169.0,23.67,2604.16,82.0,84.0,0.1473259334006054,97.5,95.4,99.9,28,734,1.5757833177019933
2025-10-13,61.950599670410156,,,2650.84,76.0,32.0,0.0626304801670146,96.4,94.8,97.7,56,929,0.4827712464997548
2025-10-14,62.75861167907715,169.0,23.67,2571.32,86.0,55.0,0.0439414114513981,96.6,93.1,99.8,2,856,1.8834713145028716
2025-10-15,63.223870277404785,171.9,24.07,2049.21,83.0,77.0,0.08918912071346224,97.7,96.5,99.7,0,759,1.2845995850970398
2025-10-16,64.00284576416016,,,2275.62,83.0,54.0,0.0670103092783505,95.9,94.2,99.1,5,1016,1.087933588871464
2025-10-17,64.9078598022461,,,2076.0,83.0,106.0,0.06925360636394776,96.6,92.7,98.3,0,773,0.8594469542795901
2025-10-18,64.46142292022705,,,2146.11,88.0,134.0,0.0849772382397572,96.1,93.4,98.7,0,663,1.7745061804460105
2025-10-19,66.75974082946777,171.9,24.07,2702.38,84.0,74.0,0.05578231292517,96.2,95.0,98.0,24,840,0.5523768592829569
2025-10-20,67.1508617401123,,,3923.88,,,,,,,140,1044,
2025-10-21,69.11122703552246,174.3,24.41,2576.06,89.0,82.0,0.0711902113459399,95.5,93.4,97.6,0,754,0.7610514291484267
2025-10-22,67.20913791656494,,,2503.78,79.0,40.0,0.0830188679245283,95.0,93.4,96.1,28,1022,-0.3634297224686135
2025-10-23,65.9502010345459,174.3,24.41,2351.65,82.0,151.0,0.0856795760501495,96.4,94.7,98.4,28,596,0.4358199815958661
2025-10-24,66.56178283691406,172.8,24.2,3881.41,,,,,,,102,1054,
2025-10-25,68.81688499450684,,,3300.25,74.0,65.0,0.0768094534711964,96.9,94.9,100.0,49,732,-1.571682034285763
2025-10-26,71.41702079772949,,,2161.77,80.0,115.0,0.0696721311475409,95.9,94.1,97.9,3,952,-1.2653137231568463
2025-10-27,70.84308624267578,,,2706.23,90.0,98.0,0.0794258373205741,96.8,95.0,98.6,36,726,0.4842829433986625
2025-10-28,70.47046947479248,,,2844.17,89.0,89.0,0.0802259887005649,95.9,86.1,98.8,39,733,0.4178868842093284
2025-10-29,69.30546474456787,175.7,24.6,2115.42,90.0,79.0,0.087378640776699,97.2,95.3,100.0,0,931,0.8724824039526999
2025-10-30,68.12820339202881,,,2599.4,83.0,87.0,0.1036834924965893,96.7,92.6,98.7,6,859,0.04641484859517275
2025-10-31,67.76857471466064,,,3113.09,88.0,78.0,0.0848952590959206,96.9,94.4,100.0,51,694,0.9395578240727187
2025-11-01,69.87968635559082,,,4438.46,78.0,57.0,0.064516129032258,97.1,95.3,100.0,182,610,-1.1981261033903454
2025-11-02,69.95577049255371,,,2281.58,86.0,107.0,0.100090991810737,95.2,90.7,99.0,0,745,0.06642259844930609
2025-11-03,67.46923351287842,,,2568.37,92.0,120.0,0.0816714150047483,96.0,94.2,97.9,33,757,1.6570104868706497
2025-11-04,68.3349199295044,177.6,24.88,2901.15,85.0,65.0,0.0963364993215739,97.1,93.7,99.2,36,810,0.3151650089841771
2025-11-05,69.81782054901123,,,2637.06,89.0,109.0,0.0827906976744186,95.9,89.8,98.7,24,690,0.5826595289929881
2025-11-06,68.00613498687744,176.8,24.75,2713.32,87.0,53.0,0.0653685674547983,96.9,95.8,97.7,29,864,0.7191118910355013
2025-11-07,69.31501579284668,,,2875.11,90.0,110.0,0.0614425645592163,96.2,93.5,99.9,30,609,0.8700710746404332
2025-11-08,71.7569694519043,176.8,24.75,3427.79,75.0,53.0,0.0663507109004739,96.8,91.6,100.0,57,616,-2.1534881323150774
2025-11-09,72.73211288452148,,,2205.4,86.0,102.0,0.079219288174512,95.7,91.7,99.3,12,885,-0.6345136333876122
2025-11-10,71.42329120635986,,,2593.82,84.0,50.0,0.0793650793650793,96.6,95.0,98.2,28,914,-0.6250180606006586
2025-11-11,71.36103630065918,179.8,25.19,3101.16,85.0,68.0,0.0552922590837282,96.8,95.2,98.8,92,859,-0.448831035752176
2025-11-12,71.57131385803223,,,2474.62,77.0,64.0,0.0829629629629629,96.5,95.1,98.1,12,920,-1.7856767595841343
2025-11-13,69.8910322189331,,,3678.0,79.0,84.0,0.1452184179456906,97.7,96.4,99.0,140,651,-1.0405208809386175
2025-11-14,67.85204792022705,,,2343.7,87.0,75.0,0.0405844155844155,96.5,93.8,98.9,18,968,0.7580138680341592
2025-11-15,65.21756553649902,176.5,24.72,2392.15,88.0,83.0,0.0869565217391304,96.2,92.4,98.9,18,796,1.58360474202316
2025-11-16,63.71008491516113,,,2333.63,86.0,118.0,0.0728744939271255,96.0,90.1,99.4,25,687,1.6432552421899407
2025-11-17,64.51893615722656,178.5,25.0,2903.35,83.0,63.0,0.0692588092345079,95.9,92.6,98.5,49,786,0.9576375358883134
2025-11-18,65.34971332550049,,,4093.2599999999998,71.0,62.0,0.1141045958795562,94.8,92.3,96.5,106,662,-1.177742912435997
2025-11-19,66.59642219543457,179.6,25.15,2237.89,80.0,95.0,0.1331269349845201,96.5,94.1,98.9,5,829,-0.04826922991764976
2025-11-20,64.9093074798584,179.6,25.15,3496.15,85.0,30.0,0.0706921944035346,95.8,94.3,97.4,62,662,1.1800208312110096
2025-11-21,64.39643859863281,,,3236.97,75.0,67.0,0.1138790035587188,96.9,94.4,100.0,40,680,-0.29519328527541266
2025-11-22,63.45461463928223,178.7,25.03,2098.03,88.0,107.0,0.0660919540229885,97.2,93.2,99.9,0,630,2.0286925533765805
2025-11-23,61.629624366760254,178.7,25.03,2651.99,80.0,96.0,0.1780821917808219,97.3,95.7,98.8,37,481,1.2056858169810376
2025-11-24,63.59716320037842,,,3647.94,62.0,25.0,0.1295896328293736,96.6,95.6,98.0,128,876,-2.1795081162217107
2025-11-25,61.96643924713135,,,2264.97,88.0,49.0,0.05006105006105,96.0,94.4,97.2,11,836,2.404408479014751
